<?xml version="1.0" encoding="UTF-8"?>
<metadata xml:lang="zh"><Esri><CreaDate>20210925</CreaDate><CreaTime>15410100</CreaTime><ArcGISFormat>1.0</ArcGISFormat><SyncOnce>FALSE</SyncOnce><DataProperties><itemProps><itemName Sync="TRUE">SSP5_0.2_2100.tif</itemName><itemLocation><linkage Sync="TRUE">file://F:\UrbanLand1992-2100\China\SSP5_0.2_2100.tif</linkage><protocol Sync="TRUE">Local Area Network</protocol></itemLocation><imsContentType Sync="TRUE">002</imsContentType><nativeExtBox><westBL Sync="TRUE">-2806000.000000</westBL><eastBL Sync="TRUE">2374000.000000</eastBL><southBL Sync="TRUE">1872000.000000</southBL><northBL Sync="TRUE">6116000.000000</northBL><exTypeCode Sync="TRUE">1</exTypeCode></nativeExtBox></itemProps><coordRef><type Sync="TRUE">Projected</type><geogcsn Sync="TRUE">GCS_Krasovsky_1940</geogcsn><csUnits Sync="TRUE">Linear Unit: Meter (1.000000)</csUnits><projcsn Sync="TRUE">Krasovsky_1940_Albers</projcsn><peXml Sync="TRUE">&lt;ProjectedCoordinateSystem xsi:type='typens:ProjectedCoordinateSystem' xmlns:xsi='http://www.w3.org/2001/XMLSchema-instance' xmlns:xs='http://www.w3.org/2001/XMLSchema' xmlns:typens='http://www.esri.com/schemas/ArcGIS/10.4'&gt;&lt;WKT&gt;PROJCS[&amp;quot;Krasovsky_1940_Albers&amp;quot;,GEOGCS[&amp;quot;GCS_Krasovsky_1940&amp;quot;,DATUM[&amp;quot;D_Krasovsky_1940&amp;quot;,SPHEROID[&amp;quot;Krasovsky_1940&amp;quot;,6378245.0,298.3]],PRIMEM[&amp;quot;Greenwich&amp;quot;,0.0],UNIT[&amp;quot;Degree&amp;quot;,0.0174532925199433]],PROJECTION[&amp;quot;Albers&amp;quot;],PARAMETER[&amp;quot;false_easting&amp;quot;,0.0],PARAMETER[&amp;quot;false_northing&amp;quot;,0.0],PARAMETER[&amp;quot;central_meridian&amp;quot;,105.0],PARAMETER[&amp;quot;standard_parallel_1&amp;quot;,25.0],PARAMETER[&amp;quot;standard_parallel_2&amp;quot;,47.0],PARAMETER[&amp;quot;latitude_of_origin&amp;quot;,0.0],UNIT[&amp;quot;Meter&amp;quot;,1.0]]&lt;/WKT&gt;&lt;XOrigin&gt;-17330900&lt;/XOrigin&gt;&lt;YOrigin&gt;-4694300&lt;/YOrigin&gt;&lt;XYScale&gt;259859535.706195&lt;/XYScale&gt;&lt;ZOrigin&gt;-100000&lt;/ZOrigin&gt;&lt;ZScale&gt;10000&lt;/ZScale&gt;&lt;MOrigin&gt;-100000&lt;/MOrigin&gt;&lt;MScale&gt;10000&lt;/MScale&gt;&lt;XYTolerance&gt;0.001&lt;/XYTolerance&gt;&lt;ZTolerance&gt;0.001&lt;/ZTolerance&gt;&lt;MTolerance&gt;0.001&lt;/MTolerance&gt;&lt;HighPrecision&gt;true&lt;/HighPrecision&gt;&lt;/ProjectedCoordinateSystem&gt;</peXml></coordRef><RasterProperties><General><PixelDepth Sync="TRUE">1</PixelDepth><HasColormap Sync="TRUE">FALSE</HasColormap><CompressionType Sync="TRUE">LZW</CompressionType><NumBands Sync="TRUE">1</NumBands><Format Sync="TRUE">TIFF</Format><HasPyramids Sync="TRUE">TRUE</HasPyramids><SourceType Sync="TRUE">discrete</SourceType><PixelType Sync="TRUE">unsigned integer</PixelType><NoDataValue Sync="TRUE">-3.4028235e+038</NoDataValue></General></RasterProperties><lineage><Process ToolSource="d:\program files (x86)\arcgis\desktop10.4\ArcToolbox\Toolboxes\Data Management Tools.tbx\MosaicToNewRaster" Date="20210925" Time="154101">MosaicToNewRaster F:/UrbanLand1992-2100/Anhui/SSP5_2046_0.2_boundary.tif;F:/UrbanLand1992-2100/Beijing/SSP5_2031_0.2_boundary.tif;F:/UrbanLand1992-2100/Chongqing/SSP5_2038_0.2_boundary.tif;F:/UrbanLand1992-2100/Fujian/SSP5_2045_0.2_boundary.tif;F:/UrbanLand1992-2100/Gansu/SSP5_2048_0.2_boundary.tif;F:/UrbanLand1992-2100/Guangdong/SSP5_2049_0.2_boundary.tif;F:/UrbanLand1992-2100/Guangxi/SSP5_2061_0.2_boundary.tif;F:/UrbanLand1992-2100/Guizhou/SSP5_2069_0.2_boundary.tif;F:/UrbanLand1992-2100/Hainan/SSP5_2060_0.2_boundary.tif;F:/UrbanLand1992-2100/Hebei/SSP5_2045_0.2_boundary.tif;F:/UrbanLand1992-2100/Heilongjiang/SSP5_2029_0.2_boundary.tif;F:/UrbanLand1992-2100/Henan/SSP5_2052_0.2_boundary.tif;F:/UrbanLand1992-2100/Hubei/SSP5_2045_0.2_boundary.tif;F:/UrbanLand1992-2100/Hunan/SSP5_2047_0.2_boundary.tif;F:/UrbanLand1992-2100/NeiMongol/SSP5_2042_0.2_boundary.tif;F:/UrbanLand1992-2100/Jiangsu/SSP5_2037_0.2_boundary.tif;F:/UrbanLand1992-2100/Jiangxi/SSP5_2048_0.2_boundary.tif;F:/UrbanLand1992-2100/Jilin/SSP5_2027_0.2_boundary.tif;F:/UrbanLand1992-2100/Liaoning/SSP5_2035_0.2_boundary.tif;F:/UrbanLand1992-2100/Ningxia/SSP5_2053_0.2_boundary.tif;F:/UrbanLand1992-2100/Qinghai/SSP5_2050_0.2_boundary.tif;F:/UrbanLand1992-2100/Shaanxi/SSP5_2042_0.2_boundary.tif;F:/UrbanLand1992-2100/Shandong/SSP5_2043_0.2_boundary.tif;F:/UrbanLand1992-2100/Shanghai/SSP5_2026_0.2_boundary.tif;F:/UrbanLand1992-2100/Shanxi/SSP5_2044_0.2_boundary.tif;F:/UrbanLand1992-2100/Sichuan/SSP5_2042_0.2_boundary.tif;F:/UrbanLand1992-2100/Tianjin/SSP5_2039_0.2_boundary.tif;F:/UrbanLand1992-2100/Xizang/SSP5_2062_0.2_boundary.tif;F:/UrbanLand1992-2100/Xinjiang/SSP5_2082_0.2_boundary.tif;F:/UrbanLand1992-2100/Yunnan/SSP5_2048_0.2_boundary.tif;F:/UrbanLand1992-2100/Zhejiang/SSP5_2041_0.2_boundary.tif F:/UrbanLand1992-2100/China wSSP5_0.2_2100.tif # 1_BIT # 1 MAXIMUM FIRST</Process><Process ToolSource="d:\program files (x86)\arcgis\desktop10.4\ArcToolbox\Toolboxes\Data Management Tools.tbx\Resample" Date="20210925" Time="154102">Resample F:/UrbanLand1992-2100/China/wSSP5_0.2_2100.tif F:\UrbanLand1992-2100\China\SSP5_0.2_2100.tif "1000 1000" NEAREST</Process></lineage></DataProperties><SyncDate>20210925</SyncDate><SyncTime>15410200</SyncTime><ModDate>20210925</ModDate><ModTime>15410200</ModTime></Esri><dataIdInfo><envirDesc Sync="TRUE"> Version 6.2 (Build 9200) ; Esri ArcGIS 10.4.0.5524</envirDesc><dataLang><languageCode value="zho" Sync="TRUE"></languageCode><countryCode value="CHN" Sync="TRUE"></countryCode></dataLang><idCitation><resTitle Sync="TRUE">SSP5_0.2_2100.tif</resTitle><presForm><PresFormCd value="005" Sync="TRUE"></PresFormCd></presForm></idCitation><spatRpType><SpatRepTypCd value="002" Sync="TRUE"></SpatRepTypCd></spatRpType><dataExt><geoEle><GeoBndBox esriExtentType="search"><exTypeCode Sync="TRUE">1</exTypeCode><westBL Sync="TRUE">64.654693</westBL><eastBL Sync="TRUE">139.664932</eastBL><northBL Sync="TRUE">56.516481</northBL><southBL Sync="TRUE">14.863358</southBL></GeoBndBox></geoEle></dataExt></dataIdInfo><mdLang><languageCode value="zho" Sync="TRUE"></languageCode><countryCode value="CHN" Sync="TRUE"></countryCode></mdLang><mdChar><CharSetCd value="004" Sync="TRUE"></CharSetCd></mdChar><distInfo><distFormat><formatName Sync="TRUE">栅格数据集</formatName></distFormat></distInfo><mdHrLv><ScopeCd value="005" Sync="TRUE"></ScopeCd></mdHrLv><mdHrLvName Sync="TRUE">dataset</mdHrLvName><refSysInfo><RefSystem><refSysID><identCode code="0" Sync="TRUE"></identCode></refSysID></RefSystem></refSysInfo><spatRepInfo><Georect><cellGeo><CellGeoCd Sync="TRUE" value="002"></CellGeoCd></cellGeo><numDims Sync="TRUE">2</numDims><tranParaAv Sync="TRUE">1</tranParaAv><chkPtAv Sync="TRUE">0</chkPtAv><cornerPts><pos Sync="TRUE">-2806000.000000 1872000.000000</pos></cornerPts><cornerPts><pos Sync="TRUE">-2806000.000000 6116000.000000</pos></cornerPts><cornerPts><pos Sync="TRUE">2374000.000000 6116000.000000</pos></cornerPts><cornerPts><pos Sync="TRUE">2374000.000000 1872000.000000</pos></cornerPts><centerPt><pos Sync="TRUE">-216000.000000 3994000.000000</pos></centerPt><axisDimension type="002"><dimSize Sync="TRUE">5180</dimSize><dimResol><value Sync="TRUE" uom="m">1000.000000</value></dimResol></axisDimension><axisDimension type="001"><dimSize Sync="TRUE">4244</dimSize><dimResol><value Sync="TRUE" uom="m">1000.000000</value></dimResol></axisDimension><ptInPixel><PixOrientCd Sync="TRUE" value="001"></PixOrientCd></ptInPixel></Georect></spatRepInfo><contInfo><ImgDesc><contentTyp><ContentTypCd Sync="TRUE" value="002"></ContentTypCd></contentTyp><covDim><Band><dimDescrp Sync="TRUE">Band_1</dimDescrp><maxVal Sync="TRUE">1.000000</maxVal><minVal Sync="TRUE">0.000000</minVal><bitsPerVal Sync="TRUE">1</bitsPerVal><valUnit><UOM type="length"></UOM></valUnit></Band></covDim></ImgDesc></contInfo><mdDateSt Sync="TRUE">20210925</mdDateSt></metadata>
